user_id,user_key
U0001,1
U0002,2
U0003,3
U0004,4
U0005,5
U0006,6
U0007,7
U0008,8
U0009,9
U0010,10
U0011,11
U0012,12
U0013,13
U0014,14
U0015,15
U0016,16
U0017,17
U0018,18
U0019,19
U0020,20
U0021,21
U0022,22
U0023,23
U0024,24
U0025,25
U0026,26
U0027,27
U0028,28
U0029,29
U0030,30
U0031,31
U0032,32
U0033,33
U0034,34
U0035,35
U0036,36
U0037,37
U0038,38
U0039,39
U0040,40
U0041,41
U0042,42
U0043,43
U0044,44
U0045,45
U0046,46
U0047,47
U0048,48
U0049,49
U0050,50
U0051,51
U0052,52
U0053,53
U0054,54
U0055,55
U0056,56
U0057,57
U0058,58
U0059,59
U0060,60
U0061,61
U0062,62
U0063,63
U0064,64
U0065,65
U0066,66
U0067,67
U0068,68
U0069,69
U0070,70
U0071,71
U0072,72
U0073,73
U0074,74
U0075,75
U0076,76
U0077,77
U0078,78
U0079,79
U0080,80
U0081,81
U0082,82
U0083,83
U0084,84
U0085,85
U0086,86
U0087,87
U0088,88
U0089,89
U0090,90
U0091,91
U0092,92
U0093,93
U0094,94
U0095,95
U0096,96
U0097,97
U0098,98
U0099,99
U0100,100
U0101,101
U0102,102
U0103,103
U0104,104
U0105,105
U0106,106
U0107,107
U0108,108
U0109,109
U0110,110
U0111,111
U0112,112
U0113,113
U0114,114
U0115,115
U0116,116
U0117,117
U0118,118
U0119,119
U0120,120
U0121,121
U0122,122
U0123,123
U0124,124
U0125,125
U0126,126
U0127,127
U0128,128
U0129,129
U0130,130
U0131,131
U0132,132
U0133,133
U0134,134
U0135,135
U0136,136
U0137,137
U0138,138
U0139,139
U0140,140
U0141,141
U0142,142
U0143,143
U0144,144
U0145,145
U0146,146
U0147,147
U0148,148
U0149,149
U0150,150
U0151,151
U0152,152
U0153,153
U0154,154
U0155,155
U0156,156
U0157,157
U0158,158
U0159,159
U0160,160
U0161,161
U0162,162
U0163,163
U0164,164
U0165,165
U0166,166
U0167,167
U0168,168
U0169,169
U0170,170
U0171,171
U0172,172
U0173,173
U0174,174
U0175,175
U0176,176
U0177,177
U0178,178
U0179,179
U0180,180
U0181,181
U0182,182
U0183,183
U0184,184
U0185,185
U0186,186
U0187,187
U0188,188
U0189,189
U0190,190
U0191,191
U0192,192
U0193,193
U0194,194
U0195,195
U0196,196
U0197,197
U0198,198
U0199,199
U0200,200
U0201,201
U0202,202
U0203,203
U0204,204
U0205,205
U0206,206
U0207,207
U0208,208
U0209,209
U0210,210
U0211,211
U0212,212
U0213,213
U0214,214
U0215,215
U0216,216
U0217,217
U0218,218
U0219,219
U0220,220
U0221,221
U0222,222
U0223,223
U0224,224
U0225,225
U0226,226
U0227,227
U0228,228
U0229,229
U0230,230
U0231,231
U0232,232
U0233,233
U0234,234
U0235,235
U0236,236
U0237,237
U0238,238
U0239,239
U0240,240
U0241,241
U0242,242
U0243,243
U0244,244
U0245,245
U0246,246
U0247,247
U0248,248
U0249,249
U0250,250
U0251,251
U0252,252
U0253,253
U0254,254
U0255,255
U0256,256
U0257,257
U0258,258
U0259,259
U0260,260
U0261,261
U0262,262
U0263,263
U0264,264
U0265,265
U0266,266
U0267,267
U0268,268
U0269,269
U0270,270
U0271,271
U0272,272
U0273,273
U0274,274
U0275,275
U0276,276
U0277,277
U0278,278
U0279,279
U0280,280
U0281,281
U0282,282
U0283,283
U0284,284
U0285,285
U0286,286
U0287,287
U0288,288
U0289,289
U0290,290
U0291,291
U0292,292
U0293,293
U0294,294
U0295,295
U0296,296
U0297,297
U0298,298
U0299,299
U0300,300
U0301,301
U0302,302
U0303,303
U0304,304
U0305,305
U0306,306
U0307,307
U0308,308
U0309,309
U0310,310
U0311,311
U0312,312
U0313,313
U0314,314
U0315,315
U0316,316
U0317,317
U0318,318
U0319,319
U0320,320
U0321,321
U0322,322
U0323,323
U0324,324
U0325,325
U0326,326
U0327,327
U0328,328
U0329,329
U0330,330
U0331,331
U0332,332
U0333,333
U0334,334
U0335,335
U0336,336
U0337,337
U0338,338
U0339,339
U0340,340
U0341,341
U0342,342
U0343,343
U0344,344
U0345,345
U0346,346
U0347,347
U0348,348
U0349,349
U0350,350
U0351,351
U0352,352
U0353,353
U0354,354
U0355,355
U0356,356
U0357,357
U0358,358
U0359,359
U0360,360
U0361,361
U0362,362
U0363,363
U0364,364
U0365,365
U0366,366
U0367,367
U0368,368
U0369,369
U0370,370
U0371,371
U0372,372
U0373,373
U0374,374
U0375,375
U0376,376
U0377,377
U0378,378
U0379,379
U0380,380
U0381,381
U0382,382
U0383,383
U0384,384
U0385,385
U0386,386
U0387,387
U0388,388
U0389,389
U0390,390
U0391,391
U0392,392
U0393,393
U0394,394
U0395,395
U0396,396
U0397,397
U0398,398
U0399,399
U0400,400
